"area_code","Avg_account_len","Avg_vmail_messages","Avg_total_minutes","Avg_total_calls","Avg_total_charge","std_account_len","std_vmail_messages","std_total_minutes","std_total_calls","std_total_charge"
"area_code_408",101.877088305489,7.66825775656325,177.175417661098,100.496420047733,30.1202744630072,40.3938250141991,13.4296599145229,56.0900001480789,19.6942425363409,9.53518945993658
"area_code_415",101.068882175227,8.35770392749245,181.592628398792,100.576435045317,30.871335347432,39.2566366775837,13.8378115969023,53.6950183912827,20.2513540378625,9.12820497620398
"area_code_510",100.246428571429,8.01904761904762,178.787619047619,100.097619047619,30.3944285714286,40.3813465074129,13.6522315751761,54.2702023619568,20.0985650860896,9.22585366430543
