"Region","Avg_account_len","Avg_vmail_messages","Avg_total_minutes","Avg_total_calls","Avg_total_charge","std_account_len","std_vmail_messages","std_total_minutes","std_total_calls","std_total_charge"
"Midwest",101.109725685786,8.63092269326683,182.870199501247,100.083541147132,31.088578553616,38.665413000141,14.0024410711692,54.3609956669092,19.8436272264435,9.24126621318259
"Northeast",100.099830795262,7.72081218274112,180.394077834179,99.6548223350254,30.6676311336717,39.8413189400975,13.3815540894067,55.0561896222029,20.6486172950441,9.35941285312452
"South",101.136158701533,8.14247069431921,179.004508566276,101.482416591524,30.4313165013526,40.1561981858359,13.7993449862306,55.2244157849412,19.5332473007304,9.38813132724539
"West",101.352208380521,7.87089467723669,177.435560588901,99.6591166477916,30.1644054360136,40.3800463621638,13.507589283298,52.8426574252407,20.4858336681282,8.9833781480622
